"","year","R2","Mape"
"1",2018,1,6.28894429222439
"2",2019,0.148459459838744,7.72412272496496
"3",2020,0.172989628004344,11.6141245160461
"4",2021,0.563159207082943,8.39330351843833
