"","year","R2","Mape"
"1",2018,1,5.85372201978136
"2",2019,0.179996208862111,5.60809335014211
"3",2020,0.120690188137289,6.37151202162684
"4",2021,0.27948411617916,5.8695352702532
