"","year","R2","Mape"
"1",2018,1,11.4419254536151
"2",2019,0.658632489789651,4.97667684255672
"3",2020,0.587723836370589,6.22939369749635
"4",2021,0.695542003019117,7.5648610590457
