"","year","R2","Mape"
"1",2019,0.159140761451388,10.5452343747343
"2",2020,0.277879821437114,10.3264940998615
"3",2021,0.605924771687099,8.00639661739391
