"","year","R2","Mape"
"1",2019,0.782594025914436,6.62575256478991
"2",2020,0.193190258026254,22.5842855781142
"3",2021,0.476729112039059,114.579022079768
