"","year","R2","Mape"
"1",2019,0.394702724148955,6.87775235446482
"2",2020,0.665829850047495,7.15951346067071
"3",2021,0.681841100110307,9.16908300450447
