"","year","R2","Mape"
"1",2019,0.159140761451388,10.5452343747343
"2",2020,0.309731778322592,10.2265050595457
"3",2021,0.566195313577114,8.06304869864089
