"","year","R2","Mape"
"1",2019,0.153142016825641,9.71464333667972
"2",2020,0.368514578662621,6.27483809106045
"3",2021,0.260224064036764,11.8860898100398
