"","year","R2","Mape"
"1",2019,0.394702724148955,6.87775235446482
"2",2020,0.664071127329044,7.08749767372102
"3",2021,0.675758910237788,9.29215729571265
