"","mata_e","monte_pa","rio","soor"
"R2",0.488993696408799,0.725158581750133,0.645468223283845,0.413070167375195
"MAPE",2.70002239036084,2.85329948710127,3.41277010506254,5.93710734046461
