"","year","R2","Mape"
"1",2019,0.0705235206812907,10.7858492578667
"2",2020,0.207685586791642,12.2408296500857
"3",2021,0.563159207082943,8.39330351843833
