"","year","R2","Mape"
"1",2019,0.132565414981786,9.67020611346305
"2",2020,0.148823935319691,7.25934981029282
"3",2021,0.236094660633664,11.7802211820857
