"","year","R2","Mape"
"1",2019,0.649940995298142,8.58732711381537
"2",2020,0.247905620721964,22.1689254749341
"3",2021,0.499839893694751,105.589098819944
