"","year","R2","Mape"
"1",2019,0.624336441005789,5.25501414746951
"2",2020,0.514077736865098,8.58076084734132
"3",2021,0.589068052763562,10.1982096343029
