"","Df","Sum Sq","Mean Sq","F value","Pr(>F)"
"season",1,168.600922539172,168.600922539172,446.900471780149,9.95112205452431e-92
"year",5,99.8040447480749,19.960808949615,52.9089331324615,1.86685168274152e-52
"Hectare_ID",15,507.368065709869,33.8245377139912,89.6566972141931,1.52817606131614e-222
"season:year",5,22.1583407110293,4.43166814220587,11.7467600633367,2.97222456891407e-11
"season:Hectare_ID",15,13.9336675908623,0.928911172724153,2.46220978557117,0.00136882119020538
"year:Hectare_ID",75,72.1018120237661,0.961357493650214,2.54821332523756,1.52188248118334e-11
"season:year:Hectare_ID",75,42.8907741151875,0.5718769882025,1.51584043538392,0.00310927459007959
"Residuals",2624,989.949325809679,0.377267273555518,NA,NA
